Ticker;Publico Alvo;Tipo de FII;Administrador;ultimo_rendimento_reais;ultimo_rendimento_perc;Data Pagamento;Data Base;rend_medio_12m_reais;rend_medio_12m_perc;patrimonio_por_cota;cotacao_por_vp;nro_negocios_por_mes;participacao_IFIX;Numero Cotistas;Patrimonio;Cota base
ABCP11;Geral;Tijolo: Shoppings;Rio Bravo Investimentos;0,39;0,54;09/06/2021;31/05/2021;0,27;0,37;88,29;0,82;5093,00;0,89;19203,00;1077525130,29;72,80
AFCR11;Geral;Papel: CRIs;CM Capital Markets;1,08;0,96;09/06/2021;31/05/2021;0,82;0,73;104,61;1,07;4089,00;0,00;1665,00;124200760,61;112,00
AFHI11;Geral;Papel: CRIs;BTG Pactual;0,60;0,63;22/06/2021;15/06/2021;0,00;0,00;96,63;0,99;9103,00;0,00;3311,00;172745111,59;95,80
AFOF11;Investidor Qualificado;Papel: Fundo de Fundos;BRL Trust DTVM;8,76;0,00;03/02/2021;27/01/2021;0,00;0,00;107,06;0,00;501,00;0,00;92,00;39305966,92;0,00
AIEC11;Geral;Tijolo: Escritórios;Modal DTVM;0,57;0,65;09/06/2021;31/05/2021;0,38;0,43;100,16;0,88;4919,00;0,00;3033,00;483257233,98;88,00
ALMI11;Geral;Tijolo: Escritórios;BTG Pactual;0,37;0,00;13/04/2017;31/03/2017;0,00;0,00;2061,01;0,00;601,00;0,00;3417,00;229137188,63;0,00
ALZR11;Geral;Tijolo: Híbrido;BTG Pactual;0,67;0,56;25/06/2021;18/06/2021;0,00;0,00;102,50;1,17;35757,00;0,80;89125,00;459134472,74;119,72
ANCR11B;Geral;Tijolo: Shoppings;Genial Investimentos Corretora de Valores;37,53;1,21;25/02/2021;29/01/2021;38,89;1,26;3323,42;0,93;1,00;0,00;55,00;1499236897,56;3090,00
AQLL11;Investidor Qualificado;Papel: Fundo de Fundos;Índigo Investimentos DTVM;0,00;0,00;00/00/0000;00/00/0000;0,00;0,00;1481,39;0,00;10,00;0,00;37,00;145505513,48;0,00
ARCT11;Geral;Tijolo: Galpões;BTG Pactual;0,50;0,46;22/06/2021;15/06/2021;1,86;1,71;101,55;1,07;17873,00;0,00;5804,00;162232760,08;108,85
ARFI11B;Investidor Qualificado;Tijolo: Galpões;Índigo Investimentos DTVM;0,00;0,00;00/00/0000;00/00/0000;0,00;0,00;1179,65;0,00;1,00;0,00;28,00;134544244,43;0,00
ARRI11;Geral;Papel: CRIs;Oliveira Trust;1,12;1,11;08/06/2021;31/05/2021;0,86;0,85;96,28;1,05;2133,00;0,00;3318,00;37779634,16;100,66
ATCR11;Investidor Qualificado;Tijolo: Escritórios;RJI CTVM LTDA;0,28;0,00;09/04/2021;31/03/2021;0,14;0,00;77,35;0,00;0,00;0,00;33,00;71852847,88;0,00
ATSA11;Geral;Tijolo: Shoppings;Hedge Investments DTVM LTDA;0,25;0,18;13/03/2020;28/02/2020;0,30;0,22;98,49;1,39;120,00;0,00;255,00;172476158,75;137,00
BARI11;Geral;Papel: CRIs;Oliveira Trust;1,07;1,00;22/06/2021;31/05/2021;1,24;1,15;101,79;1,05;37363,00;0,50;26905,00;471703935,45;107,07
BBFI11B;Geral;Tijolo: Escritórios;BTG Pactual;28,50;1,10;15/06/2021;31/05/2021;27,83;1,07;101,79;1,03;1647,00;0,34;7816,00;327816882,02;2600,00
BBFO11;Geral;Papel: Fundo de Fundos;BB Gestão de Recursos;0,50;0,56;15/06/2021;31/05/2021;0,20;0,22;93,04;0,96;737,00;0,00;3798,00;372529804,81;89,50
BBIM11;Geral;Papel: CRIs;BB Gestão de Recursos;0,55;0,00;15/06/2021;31/05/2021;0,50;0,00;62,59;0,00;0,00;0,00;20,00;64779558,74;0,00
BBPO11;Geral;Tijolo: Bancário;Votorantim Asset Management;1,08;0,94;15/06/2021;31/05/2021;1,17;1,01;100,43;1,15;19822,00;1,85;65740,00;1598863562,90;115,40
BBRC11;Geral;Tijolo: Bancário;Votorantim Asset Management;0,87;0,75;15/06/2021;31/05/2021;1,04;0,89;112,71;1,03;3485,00;0,00;8833,00;179216421,68;116,59
BCFF11;Geral;Papel: Fundo de Fundos;BTG Pactual;0,50;0,58;15/06/2021;08/06/2021;0,53;0,62;84,04;1,02;126961,00;2,17;282484,00;2119406011,49;85,99
BCIA11;Geral;Papel: Fundo de Fundos;Banco Bradesco;0,64;0,65;29/06/2021;31/05/2021;0,73;0,74;109,97;0,89;9346,00;0,38;13361,00;408983773,55;97,74
BCRI11;Geral;Papel: CRIs;BRL Trust DTVM;1,59;1,38;15/06/2021;31/05/2021;1,11;0,96;106,40;1,09;18906,00;0,72;38613,00;468178712,47;115,60
BICE11;Geral;Papel: CRIs;BRL Trust DTVM;0,00;0,00;00/00/0000;00/00/0000;0,00;0,00;272,14;0,00;0,00;0,00;89,00;556530,54;0,00
BICR11;Geral;Papel: CRIs;Inter DTVM;0,35;0,37;15/06/2021;31/05/2021;0,27;0,29;99,05;0,96;276,00;0,00;623,00;49525261,27;94,94
BLCP11;Investidor Qualificado;Tijolo: Galpões;BTG Pactual;0,51;0,52;21/06/2021;14/06/2021;0,00;0,00;101,45;0,97;146,00;0,00;182,00;194976359,83;98,48
BLMC11;Geral;Papel: CRIs;BTG Pactual;0,78;0,76;22/06/2021;15/06/2021;0,09;0,08;101,70;1,00;1,00;0,00;25,00;40627519,23;102,00
BLMG11;Geral;Tijolo: Galpões;Vórtx DTVM LTDA;1,10;1,09;15/06/2021;08/06/2021;0,39;0,39;99,64;1,01;8484,00;0,00;2700,00;379673074,25;101,08
BLMO11;Investidor Qualificado;Tijolo: Escritórios;BRL Trust DTVM;0,00;0,00;00/00/0000;00/00/0000;0,00;0,00;25769,52;0,00;1,00;0,00;95,00;97846867,88;0,00
BLMR11;Geral;Papel: Fundo de Fundos;BRL Trust DTVM;0,65;0,78;15/06/2021;07/06/2021;0,00;0,00;93,42;0,89;17546,00;0,00;3738,00;238604064,47;82,87
BMII11;Geral;Tijolo: Escritórios;Rio Bravo Investimentos;0,23;0,00;07/08/2019;31/07/2019;0,09;0,00;493,99;0,00;0,00;0,00;12,00;69159289,74;0,00
BMLC11;Geral;Tijolo: Escritórios;BTG Pactual;0,54;0,60;15/06/2021;08/06/2021;0,62;0,69;106,82;0,84;303,00;0,00;1596,00;106653765,90;89,57
BNFS11;Geral;Tijolo: Bancário;Oliveira Trust;1,15;0,92;15/06/2021;31/05/2021;1,09;0,87;103,73;1,20;1702,00;0,00;3368,00;72607805,60;124,29
BPFF11;Geral;Papel: Fundo de Fundos;Genial Investimentos Corretora de Valores;0,57;0,72;08/06/2021;31/05/2021;0,58;0,73;82,76;0,96;34364,00;0,36;19603,00;371794835,59;79,47
BPML11;Geral;Tijolo: Shoppings;BTG Pactual;0,61;0,61;25/02/2021;18/02/2021;0,14;0,14;135,79;0,74;3028,00;0,00;1172,00;584587292,43;99,97
BPRP11;Investidor Qualificado;Tijolo: Galpões;BTG Pactual;0,79;0,72;15/06/2021;08/06/2021;0,83;0,75;108,01;1,02;205,00;0,00;196,00;145794396,65;110,00
BRCO11;Geral;Tijolo: Galpões;Oliveira Trust;0,54;0,49;08/06/2021;31/05/2021;0,59;0,54;108,46;1,01;72100,00;1,64;32249,00;1602955497,24;109,30
BRCR11;Geral;Tijolo: Escritórios;BTG Pactual;0,46;0,55;15/06/2021;08/06/2021;0,50;0,60;107,80;0,77;78856,00;2,27;126814,00;2871540176,98;83,50
BREV11;Geral;Tijolo: Escritórios;BR-CAPITAL;0,68;0,64;15/06/2021;07/06/2021;0,00;0,00;105,43;1,01;35,00;0,00;76,00;98402688,55;106,51
BRHT11B;Investidor Qualificado;Tijolo: Hotéis;BNY Mellon;0,86;0,00;14/07/2014;30/06/2014;0,00;0,00;82,48;0,00;0,00;0,00;11,00;151899420,19;0,00
BRIM11;Geral;Tijolo: Desenvolvimento;BRL Trust DTVM;0,00;0,00;00/00/0000;00/00/0000;0,00;0,00;970,49;0,00;3,00;0,00;110,00;120473703,05;0,00
BRIP11;Geral;Tijolo: Desenvolvimento;BRL Trust DTVM;0,00;0,00;00/00/0000;00/00/0000;0,00;0,00;991,05;0,00;315,00;0,00;236,00;107371367,02;0,00
BRLA11;Investidor Qualificado;Tijolo: Galpões;BTG Pactual;0,97;0,00;22/06/2021;15/06/2021;0,48;0,00;125,56;0,00;0,00;0,00;84,00;122570696,66;0,00
BTAL11;Geral;Tijolo: Outros;BTG Pactual;0,56;0,56;25/06/2021;18/06/2021;0,00;0,00;100,55;1,01;25930,00;0,00;9672,00;601581817,76;101,08
BTCR11;Geral;Papel: CRIs;BTG Pactual;0,67;0,71;14/05/2021;07/05/2021;0,53;0,56;97,07;0,97;22380,00;0,45;8772,00;466929590,31;94,42
BTLG11;Geral;Tijolo: Galpões;BTG Pactual;0,70;0,62;25/06/2021;15/06/2021;0,62;0,55;101,09;1,12;131493,00;1,72;111547,00;1404587725,60;113,04
BTWR11;Investidor Qualificado;Tijolo: Escritórios;BRL Trust DTVM;0,00;0,00;00/00/0000;00/00/0000;0,00;0,00;106,72;0,00;0,00;0,00;53,00;86365770,58;0,00
BVAR11;Geral;Tijolo: Varejo;Rio Bravo Investimentos;20,60;0,00;23/06/2021;15/06/2021;12,46;0,00;1104,70;0,00;0,00;0,00;69,00;691034718,99;0,00
BZLI11;Investidor Qualificado;Híbrido (Tijolo/Papel);Índigo Investimentos DTVM;0,00;0,00;00/00/0000;00/00/0000;0,00;0,00;11,45;0,00;24264,00;0,56;31,00;439665897,40;0,00
CARE11;Geral;Tijolo: Outros;Planner Trustee DTVM LTDA;0,00;0,21;15/06/2021;07/06/2021;0,00;0,00;1,61;0,49;10736,00;0,00;10624,00;288155071,03;0,79
CBOP11;Geral;Tijolo: Escritórios;Credit Suisse Hedging-Griffo;0,49;0,68;15/06/2021;31/05/2021;0,55;0,76;90,59;0,79;1086,00;0,00;3759,00;128178286,06;72,00
CEOC11;Geral;Tijolo: Escritórios;BTG Pactual;0,44;0,62;14/05/2021;07/05/2021;0,52;0,74;86,54;0,81;3149,00;0,00;6890,00;157128089,83;70,33
CFHI11;Investidor Qualificado;Tijolo: Desenvolvimento;Vórtx DTVM LTDA;0,00;0,00;00/00/0000;00/00/0000;0,00;0,00;989,69;0,00;0,00;0,00;57,00;74900061,40;0,00
CJCT11;Investidor Qualificado;Tijolo: Escritórios;Hedge Investments DTVM LTDA;0,33;0,61;09/01/2019;28/12/2018;0,00;0,00;67,35;0,80;448,00;0,00;1581,00;182515132,29;53,99
CNES11;Geral;Tijolo: Escritórios;BTG Pactual;0,07;0,17;28/05/2021;21/05/2021;0,00;0,00;87,30;0,49;737,00;0,00;2518,00;257473314,39;42,52
CORM11;Investidor Qualificado;Tijolo: Desenvolvimento;BTG Pactual;1,16;1,01;22/06/2021;15/06/2021;0,10;0,08;98,62;1,17;0,00;0,00;62,00;90460231,10;115,00
CPFF11;Geral;Papel: Fundo de Fundos;BTG Pactual;0,80;0,95;17/06/2021;09/06/2021;0,00;0,00;82,01;1,02;31727,00;0,34;11978,00;325884515,48;83,98
CPTS11;Geral;Papel: CRIs;BTG Pactual;1,00;0,99;18/06/2021;11/06/2021;0,00;0,00;95,06;1,07;154083,00;2,50;92583,00;2033959001,79;101,25
CRFF11;Geral;Papel: Fundo de Fundos;Caixa Econômica Federal;0,46;0,63;11/06/2021;01/06/2021;0,45;0,61;91,46;0,80;976,00;0,00;1869,00;63113822,51;73,50
CTXT11;Geral;Tijolo: Outros;Rio Bravo Investimentos;0,05;0,21;09/06/2021;31/05/2021;0,26;1,09;48,38;0,49;1448,00;0,00;4196,00;125506257,05;23,60
CVBI11;Geral;Papel: CRIs;BRL Trust DTVM;1,00;0,96;16/06/2021;09/06/2021;0,00;0,00;100,37;1,04;78135,00;0,99;32157,00;597925064,54;104,62
CXCE11B;Geral;Tijolo: Escritórios;Caixa Econômica Federal;0,91;1,09;15/06/2021;31/05/2021;0,95;1,14;81,10;1,03;2188,00;0,00;2930,00;138915815,67;83,60
CXCO11;Geral;Tijolo: Escritórios;Vórtx DTVM LTDA;0,72;0,70;15/06/2021;31/05/2021;0,11;0,11;100,19;1,02;3272,00;0,00;13462,00;393177556,14;102,38
CXRI11;Geral;Papel: Fundo de Fundos;Caixa Econômica Federal;0,54;0,57;11/06/2021;01/06/2021;0,78;0,82;93,11;1,03;1316,00;0,00;3048,00;146719618,31;95,48
CXTL11;Geral;Tijolo: Galpões;Caixa Econômica Federal;4,68;1,27;15/06/2021;31/05/2021;1,43;0,39;646,64;0,57;469,00;0,00;569,00;34657816,54;370,00
DAMT11B;Geral;Tijolo: Shoppings;Banco Modal SA;0,00;0,00;00/00/0000;00/00/0000;0,00;0,00;0,94;0,00;1,00;0,00;51,00;104806726,66;0,00
DEVA11;Geral;Papel: CRIs;Vórtx DTVM LTDA;1,10;1,00;15/06/2021;08/06/2021;1,04;0,94;99,81;1,10;78594,00;1,09;31999,00;960639964,75;110,02
DMAC11;Investidor Qualificado;Tijolo: Desenvolvimento;Oliveira Trust;29,05;36,32;15/04/2021;06/04/2021;2,65;3,31;10,72;7,46;4308,00;0,00;2072,00;1673504,88;79,99
DOVL11B;Investidor Qualificado;Tijolo: Escritórios;BNY Mellon;8,72;0,00;20/08/2020;12/08/2020;5,97;0,00;947,54;0,00;1,00;0,00;7,00;59010629,22;0,00
DRIT11B;Geral;Tijolo: Escritórios;Banco Daycoval SA;0,33;0,28;15/06/2021;07/06/2021;0,00;0,00;131,01;0,91;81,00;0,00;302,00;60692337,91;119,00
EDFO11B;Geral;Tijolo: Escritórios;Oliveira Trust;1,36;0,54;10/06/2021;31/05/2021;1,58;0,63;213,77;1,17;127,00;0,00;592,00;50449075,35;250,00
EDGA11;Geral;Tijolo: Escritórios;BTG Pactual;0,10;0,38;31/05/2021;24/05/2021;0,00;0,00;78,77;0,34;4484,00;0,00;7549,00;300270482,22;26,68
ELDO11B;Geral;Tijolo: Shoppings;Rio Bravo Investimentos;3,09;0,00;21/06/2021;11/06/2021;0,00;0,00;1236,59;0,00;0,00;0,00;61,00;973512484,69;0,00
ERCR11;Investidor Qualificado;Tijolo: Desenvolvimento;Oliveira Trust;919,21;1,08;24/06/2021;17/06/2021;0,00;0,00;88973,95;0,96;1,00;0,00;14,00;211402106,27;85227,76
ERPA11;Investidor Qualificado;Tijolo: Escritórios;Oliveira Trust;0,00;0,00;00/00/0000;00/00/0000;0,00;0,00;104,50;0,00;21,00;0,00;12,00;51844937,69;0,00
EURO11;Geral;Tijolo: Galpões;COINVALORES;1,35;0,65;15/06/2021;31/05/2021;1,28;0,61;283,56;0,73;1177,00;0,00;2417,00;108870706,82;208,29
EVBI11;Geral;Tijolo: Outros;BRL Trust DTVM;0,64;0,63;08/06/2021;31/05/2021;0,21;0,21;97,99;1,04;126,00;0,00;108,00;106070885,36;102,00
FAED11;Geral;Tijolo: Educacional;BTG Pactual;1,10;0,72;15/06/2021;08/06/2021;1,36;0,88;213,91;0,72;2045,00;0,00;5135,00;137364240,49;154,00
FAMB11B;Geral;Tijolo: Escritórios;BTG Pactual;9,16;0,56;13/11/2020;30/10/2020;27,24;1,65;3483,74;0,47;504,00;0,00;3669,00;365096455,45;1650,01
FATN11;Geral;Tijolo: Escritórios;BR-CAPITAL;0,67;0,65;15/06/2021;07/06/2021;0,00;0,00;100,27;1,02;231,00;0,00;219,00;65452316,84;102,40
FCFL11;Geral;Tijolo: Educacional;BTG Pactual;0,64;0,58;25/06/2021;18/06/2021;0,00;0,00;101,44;1,08;3581,00;0,00;4492,00;352396190,17;110,00
FEXC11;Geral;Papel: CRIs;BTG Pactual;0,72;0,74;15/06/2021;08/06/2021;0,78;0,79;92,55;1,05;7555,00;0,00;17504,00;564889746,62;97,58
FIGS11;Geral;Tijolo: Shoppings;Hedge Investments DTVM LTDA;0,15;0,25;15/06/2021;31/05/2021;0,00;0,00;94,44;0,63;11584,00;0,19;17985,00;269145540,06;59,49
FIIB11;Geral;Tijolo: Galpões;COINVALORES;3,30;0,66;10/06/2021;31/05/2021;2,80;0,56;442,09;1,13;3965,00;0,35;17975,00;302833973,76;501,59
FIIP11B;Geral;Tijolo: Galpões;Oliveira Trust;1,12;0,55;15/06/2021;31/05/2021;1,87;0,92;193,16;1,05;2054,00;0,00;9027,00;179093742,38;202,13
FINF11;Investidor Qualificado;Tijolo: Galpões;Planner Trustee DTVM LTDA;0,06;0,00;15/06/2021;31/05/2021;0,10;0,00;100,96;0,00;0,00;0,00;4,00;82794886,17;0,00
FISC11;Geral;Tijolo: Escritórios;BR-CAPITAL;0,12;0,00;23/06/2021;15/06/2021;0,08;0,00;155,22;0,00;2,00;0,00;65,00;254356373,94;0,00
FISD11;Investidor Qualificado;Papel: CRIs;RJI CTVM LTDA;0,00;0,00;00/00/0000;00/00/0000;0,00;0,00;111,06;0,00;1,00;0,00;25,00;119119345,57;0,00
FIVN11;Geral;Tijolo: Shoppings;Oliveira Trust;0,00;0,00;00/00/0000;00/00/0000;0,00;0,00;6,88;0,00;2340,00;0,00;2725,00;64797779,29;0,00
FLCR11;Investidor Qualificado;Papel: CRIs;BRL Trust DTVM;1,00;0,98;15/06/2021;08/06/2021;0,39;0,38;100,99;1,01;335,00;0,00;167,00;50492944,25;102,49
FLMA11;Geral;Tijolo: Escritórios;BR-CAPITAL;0,40;0,29;15/06/2021;07/06/2021;0,00;0,00;155,52;0,90;41421,00;0,19;74717,00;214724797,74;139,50
FLRP11;Geral;Tijolo: Shoppings;BTG Pactual;4,00;0,30;31/05/2021;20/05/2021;0,00;0,00;1662,33;0,80;129,00;0,00;970,00;108437237,85;1323,00
FMOF11;Geral;Tijolo: Escritórios;COIN DTVM;0,64;0,90;15/01/2021;30/12/2020;0,38;0,53;132,16;0,54;106,00;0,00;361,00;67138225,68;71,37
FPAB11;Geral;Tijolo: Escritórios;COIN DTVM;1,20;0,45;15/06/2021;31/05/2021;1,74;0,66;448,20;0,59;434,00;0,00;975,00;336149327,91;264,91
FPNG11;Geral;Tijolo: Escritórios;BR-CAPITAL;0,52;0,00;15/06/2021;07/06/2021;0,00;0,00;166,81;0,00;1,00;0,00;50,00;165220479,25;0,00
FTCE11B;Investidor Qualificado;Híbrido (Tijolo/Papel);BRL Trust DTVM;77,42;2,62;01/03/2021;22/02/2021;102,46;3,47;2716,72;1,09;1,00;0,00;10,00;2381264954,43;2950,01
FVBI11;Geral;Tijolo: Escritórios;BTG Pactual;30,00;18,78;31/08/2020;21/08/2020;3,03;1,90;0,00;;2319,00;0,00;0,00;0,00;159,71
FVPQ11;Geral;Tijolo: Shoppings;Rio Bravo Investimentos;0,43;0,31;09/06/2021;31/05/2021;0,31;0,22;196,74;0,70;1356,00;0,00;5282,00;550899159,13;137,80
GALG11;Geral;Tijolo: Galpões;BRL Trust DTVM;0,84;0,76;15/06/2021;31/05/2021;0,39;0,36;105,40;1,05;9742,00;0,00;3920,00;591621104,25;110,30
GCFF11;Geral;Papel: Fundo de Fundos;BTG Pactual;0,87;0,90;21/06/2021;14/06/2021;0,00;0,00;95,63;1,01;671,00;0,00;1484,00;32379342,98;97,00
GCRI11;Geral;Papel: CRIs;BTG Pactual;0,92;0,90;21/06/2021;14/06/2021;0,00;0,00;101,18;1,01;1697,00;0,00;222,00;87076265,78;102,25
GESE11B;Investidor Qualificado;Tijolo: Educacional;Oliveira Trust;8,67;0,00;15/06/2021;31/05/2021;0,00;0,00;1352,60;0,00;1,00;0,00;55,00;70335173,68;0,00
GGRC11;Geral;Tijolo: Galpões;CM Capital Markets;0,70;0,58;09/06/2021;01/06/2021;0,70;0,58;124,56;0,96;71229,00;0,95;93758,00;966425568,63;120,10
GSFI11;Geral;Tijolo: Shoppings;Planner Trustee DTVM LTDA;0,00;0,03;14/07/2020;30/06/2020;0,00;0,00;13,92;0,18;2546,00;0,00;5391,00;953239815,02;2,51
GTWR11;Geral;Tijolo: Escritórios;Votorantim Asset Management;0,67;0,63;15/06/2021;31/05/2021;0,74;0,69;100,79;1,06;44200,00;1,29;26981,00;1209473424,07;107,00
HAAA11;Geral;Tijolo: Escritórios;Hedge Investments DTVM LTDA;0,52;0,52;15/06/2021;31/05/2021;0,00;0,00;96,10;1,05;88,00;0,00;90,00;260433878,31;100,90
HABT11;Geral;Papel: CRIs;Vórtx DTVM LTDA;1,80;1,42;11/06/2021;31/05/2021;0,00;0,00;100,08;1,26;29677,00;0,69;27842,00;541658651,35;126,35
HBRH11;Geral;Tijolo: Escritórios;BRL Trust DTVM;0,66;0,70;15/06/2021;31/05/2021;0,78;0,83;109,38;0,86;1912,00;0,00;879,00;245632663,72;94,08
HCRI11;Geral;Tijolo: Hospital;BTG Pactual;3,08;0,79;18/06/2021;11/06/2021;0,00;0,00;303,10;1,29;889,00;0,00;3213,00;60619598,18;391,22
HCST11;Geral;Tijolo: Shoppings;Vórtx DTVM LTDA;0,00;0,00;00/00/0000;00/00/0000;0,00;0,00;106,16;0,00;102,00;0,00;84,00;30461843,17;0,00
HCTR11;Geral;Papel: CRIs;Vórtx DTVM LTDA;1,90;1,37;15/06/2021;08/06/2021;2,10;1,51;116,91;1,19;94781,00;1,92;96170,00;1194309373,39;138,60
HFOF11;Geral;Papel: Fundo de Fundos;Hedge Investments DTVM LTDA;0,60;0,60;15/06/2021;31/05/2021;0,00;0,00;95,21;1,05;47760,00;2,29;67670,00;2051533076,21;99,89
HGBS11;Geral;Tijolo: Shoppings;Hedge Investments DTVM LTDA;0,35;0,17;15/06/2021;31/05/2021;0,00;0,00;219,58;0,91;30799,00;2,06;82260,00;2195761211,36;200,45
HGCR11;Geral;Papel: CRIs;Credit Suisse Hedging-Griffo;0,75;0,70;15/06/2021;31/05/2021;0,00;0,00;104,60;1,03;70078,00;1,33;58993,00;1294128523,66;107,65
HGFF11;Geral;Papel: Fundo de Fundos;Credit Suisse Hedging-Griffo;0,50;0,58;15/06/2021;31/05/2021;0,62;0,72;94,85;0,91;15782,00;0,24;8708,00;271606656,75;85,95
HGIC11;Geral;Papel: CRIs;Vórtx DTVM LTDA;0,78;0,73;17/06/2021;31/05/2021;0,13;0,12;103,68;1,03;445,00;0,00;140,00;13305600,41;107,00
HGLG11;Geral;Tijolo: Galpões;Credit Suisse Hedging-Griffo;1,00;0,59;15/06/2021;31/05/2021;1,00;0,59;148,59;1,14;102144,00;3,14;280532,00;2739487707,59;169,54
HGPO11;Geral;Tijolo: Escritórios;Credit Suisse Hedging-Griffo;1,17;0,53;15/06/2021;31/05/2021;1,06;0,48;241,56;0,91;4207,00;0,41;9950,00;423466782,77;220,04
HGRE11;Geral;Tijolo: Escritórios;Credit Suisse Hedging-Griffo;0,69;0,54;15/06/2021;31/05/2021;0,73;0,57;169,10;0,76;79294,00;1,59;110914,00;1998358393,35;128,66
HGRU11;Geral;Tijolo: Educacional;Credit Suisse Hedging-Griffo;0,70;0,58;15/06/2021;31/05/2021;0,74;0,62;117,88;1,02;132770,00;2,27;129811,00;2169838766,49;120,15
HLOG11;Geral;Tijolo: Galpões;Hedge Investments DTVM LTDA;0,63;0,55;15/06/2021;31/05/2021;0,00;0,00;119,40;0,95;2807,00;0,00;4052,00;507453457,78;113,75
HOSI11;Geral;Tijolo: Outros;Vórtx DTVM LTDA;0,54;0,67;08/06/2021;31/05/2021;0,41;0,51;92,49;0,87;833,00;0,00;2246,00;53038319,57;80,64
HPDP11;Geral;Tijolo: Shoppings;Hedge Investments DTVM LTDA;0,08;0,10;15/06/2021;31/05/2021;0,00;0,00;100,30;0,82;610,00;0,00;377,00;291754173,69;82,39
HRDF11;Investidor Qualificado;Tijolo: Desenvolvimento;Hedge Investments DTVM LTDA;0,00;0,00;00/00/0000;00/00/0000;0,00;0,00;1,67;0,00;2929,00;0,00;1283,00;12681699,64;0,00
HREC11;Geral;Papel: CRIs;Hedge Investments DTVM LTDA;1,04;1,03;15/06/2021;31/05/2021;0,00;0,00;98,11;1,03;342,00;0,00;210,00;115420822,18;101,30
HSAF11;Geral;Papel: CRIs;BRL Trust DTVM;1,10;1,08;08/06/2021;31/05/2021;0,54;0,53;98,50;1,03;10154,00;0,00;4116,00;88962262,50;101,91
HSLG11;Geral;Tijolo: Galpões;BRL Trust DTVM;0,58;0,55;08/06/2021;31/05/2021;0,27;0,25;112,63;0,94;26124,00;1,32;14493,00;1425858495,21;106,19
HSML11;Geral;Tijolo: Shoppings;Santander Securities Services Brasil DTVM;0,35;0,38;08/06/2021;31/05/2021;0,00;0,00;97,88;0,93;56371,00;1,46;122744,00;1544629510,31;91,09
HSRE11;Geral;Tijolo: Híbrido;BRL Trust DTVM;0,54;0,58;08/06/2021;31/05/2021;0,20;0,22;96,87;0,96;493,00;0,00;29,00;825174359,56;93,00
HTMX11;Geral;Tijolo: Hotéis;BTG Pactual;0,71;0,45;06/03/2020;28/02/2020;0,83;0,53;130,57;1,20;6605,00;0,13;24484,00;164134688,37;156,93
HUSC11;Geral;Tijolo: Hospital;Rio Bravo Investimentos;0,73;0,54;15/06/2021;31/05/2021;0,77;0,57;130,17;1,03;284,00;0,00;666,00;103437354,92;134,00
HUSI11;Geral;Tijolo: Hospital;Planner Corretora de Valores;0,00;0,00;00/00/0000;00/00/0000;0,00;0,00;952,58;0,00;1,00;0,00;77,00;95602971,30;0,00
IBFF11;Geral;Papel: Fundo de Fundos;BTG Pactual;0,50;0,73;17/06/2021;10/06/2021;0,00;0,00;83,50;0,83;4969,00;0,00;5410,00;55666031,82;68,95
IFID11;Geral;Papel: Fundo de Fundos;Inter DTVM;0,88;0,94;15/06/2021;31/05/2021;0,19;0,20;92,56;1,02;2955,00;0,00;2094,00;69249052,19;94,00
IFIE11;Geral;Papel: Fundo de Fundos;Inter DTVM;0,41;0,42;14/05/2021;30/04/2021;0,24;0,24;87,71;1,11;2314,00;0,00;6368,00;78985256,49;97,00
IRDM11;Geral;Papel: CRIs;BTG Pactual;1,15;0,88;17/06/2021;10/06/2021;0,00;0,00;98,54;1,33;146462,00;2,72;161996,00;2167872890,70;131,00
JFLL11;Geral;Tijolo: Outros;Banco Genial;0,62;0,65;15/06/2021;31/05/2021;0,21;0,22;96,68;0,98;4330,00;0,00;1558,00;145082024,05;94,73
JPPA11;Geral;Papel: CRIs;Vórtx DTVM LTDA;1,06;1,06;09/06/2021;31/05/2021;0,85;0,85;103,75;0,96;815,00;0,00;384,00;62661769,59;100,00
JPPC11;Geral;Tijolo: Desenvolvimento;Banco Finaxis;18,82;0,00;15/06/2021;31/05/2021;2,80;0,00;461,17;0,00;4,00;0,00;79,00;25364609,24;0,00
JRDM11;Geral;Tijolo: Shoppings;BTG Pactual;0,16;0,23;15/06/2021;08/06/2021;0,15;0,22;87,51;0,78;2056,00;0,00;5492,00;220785848,59;68,27
JSRE11;Geral;Tijolo: Escritórios;Banco J Safra;0,53;0,58;22/06/2021;31/05/2021;0,56;0,61;113,49;0,81;71054,00;1,90;44351,00;2356825185,46;91,47
JTPR11;Geral;Tijolo: Desenvolvimento;Planner Corretora de Valores;1,63;0,00;28/09/2020;31/08/2020;0,38;0,00;110,85;0,00;0,00;0,00;9,00;23796389,95;0,00
KEVE11;Investidor Qualificado;Tijolo: Desenvolvimento;INTRAG DTVM;0,00;0,00;00/00/0000;00/00/0000;0,00;0,00;1009,72;0,00;312,00;0,00;383,00;149136752,30;0,00
KFOF11;Geral;Papel: Fundo de Fundos;INTRAG DTVM;0,55;0,60;15/06/2021;31/05/2021;0,58;0,62;103,28;0,89;7017,00;0,42;7010,00;468185948,21;92,29
KINP11;Investidor Qualificado;Tijolo: Desenvolvimento;INTRAG DTVM;0,19;1,39;15/04/2021;31/03/2021;0,07;0,51;8,72;1,57;200,00;0,00;444,00;62324980,79;13,70
KISU11;Geral;Papel: Fundo de Fundos;Vórtx DTVM LTDA;0,64;0,53;15/06/2021;31/05/2021;0,00;0,00;92,26;1,31;49375,00;0,00;24652,00;70420763,26;120,68
KNCR11;Geral;Papel: CRIs;INTRAG DTVM;0,35;0,38;14/06/2021;31/05/2021;0,33;0,36;98,48;0,92;69636,00;3,62;67565,00;3850279410,01;91,02
KNHY11;Investidor Qualificado;Papel: CRIs;INTRAG DTVM;1,09;0,97;14/06/2021;31/05/2021;0,97;0,86;102,33;1,10;23839,00;1,22;6548,00;1093944959,36;112,27
KNIP11;Investidor Qualificado;Papel: CRIs;INTRAG DTVM;1,13;1,03;14/06/2021;31/05/2021;0,98;0,90;103,15;1,06;116700,00;5,22;56882,00;4862128060,12;109,60
KNRE11;Investidor Qualificado;Tijolo: Desenvolvimento;INTRAG DTVM;0,04;1,10;15/01/2021;30/12/2020;0,15;4,14;2,50;1,46;3409,00;0,00;7034,00;46336196,31;3,65
KNRI11;Geral;Tijolo: Híbrido;INTRAG DTVM;0,69;0,48;15/06/2021;31/05/2021;0,72;0,50;156,03;0,92;82660,00;3,47;235231,00;3769251648,72;143,72
KNSC11;Geral;Papel: CRIs;INTRAG DTVM;1,00;0,96;14/06/2021;31/05/2021;0,55;0,53;95,38;1,09;66398,00;0,60;19030,00;613319321,47;103,98
LASC11;Geral;Tijolo: Shoppings;Vórtx DTVM LTDA;0,24;0,26;08/06/2021;31/05/2021;0,38;0,41;103,28;0,90;86,00;0,00;141,00;260083653,39;93,08
LATR11B;Investidor Qualificado;Tijolo: Desenvolvimento;Oliveira Trust;3,67;1,47;16/12/2020;09/12/2020;43,37;17,35;28,92;8,64;31,00;0,00;163,00;3589511,84;250,00
LFTT11;Investidor Qualificado;Tijolo: Desenvolvimento;Modal DTVM;0,75;0,71;15/04/2021;31/03/2021;0,28;0,26;61,15;1,73;589,00;0,00;364,00;429557690,92;105,99
LGCP11;Geral;Tijolo: Galpões;Inter DTVM;0,54;0,57;15/06/2021;31/05/2021;0,50;0,53;98,80;0,95;4988,00;0,00;9733,00;270011706,16;93,94
LOFT11B;Investidor Qualificado;Tijolo: Desenvolvimento;Modal DTVM;0,20;0,72;15/04/2021;31/03/2021;0,76;2,72;78,88;0,35;179,00;0,00;101,00;181978456,88;27,98
LUGG11;Geral;Tijolo: Outros;Inter DTVM;0,54;0,57;15/06/2021;31/05/2021;0,52;0,55;109,46;0,87;1262,00;0,00;4384,00;98513437,42;95,00
LVBI11;Geral;Tijolo: Galpões;BTG Pactual;0,56;0,53;08/06/2021;31/05/2021;0,59;0,56;110,31;0,96;75627,00;1,37;35409,00;1298931844,06;105,45
MALL11;Geral;Tijolo: Shoppings;Genial Investimentos Corretora de Valores;0,45;0,46;15/06/2021;31/05/2021;0,44;0,45;104,80;0,93;34738,00;0,75;85219,00;792318974,41;97,05
MAXR11;Geral;Tijolo: Varejo;BTG Pactual;0,42;0,45;15/06/2021;08/06/2021;0,66;0,71;117,71;0,79;1651,00;0,00;3066,00;132504820,48;92,90
MBRF11;Geral;Tijolo: Escritórios;Rio Bravo Investimentos;7,15;0,81;15/06/2021;07/06/2021;0,00;0,00;1141,33;0,78;766,00;0,00;2840,00;116031980,30;885,40
MCCI11;Geral;Papel: CRIs;BTG Pactual;0,90;0,87;18/06/2021;11/06/2021;0,00;0,00;100,76;1,03;101522,00;0,93;45411,00;899538457,59;103,36
MFAI11;Geral;Híbrido (Tijolo/Papel);Planner Trustee DTVM LTDA;0,89;0,89;15/06/2021;31/05/2021;1,19;1,19;95,00;1,05;2339,00;0,00;3756,00;28802721,72;99,63
MFII11;Geral;Tijolo: Desenvolvimento;Planner Corretora de Valores;0,91;0,79;15/06/2021;31/05/2021;1,08;0,94;118,46;0,97;12808,00;0,48;29520,00;470741477,83;115,14
MGCR11;Geral;Papel: CRIs;BTG Pactual;0,70;0,71;21/06/2021;14/06/2021;0,00;0,00;95,19;1,04;5094,00;0,00;1579,00;135393278,97;99,14
MGFF11;Geral;Papel: Fundo de Fundos;BTG Pactual;0,55;0,66;17/06/2021;08/06/2021;0,62;0,74;84,54;0,99;42201,00;0,76;51364,00;765165830,09;83,67
MGHT11;Investidor Qualificado;Tijolo: Hotéis;BTG Pactual;1,00;1,02;18/06/2021;11/06/2021;0,00;0,00;101,82;0,96;858,00;0,00;295,00;106716794,02;97,99
MINT11;Investidor Qualificado;Tijolo: Educacional;Brasil Plural SA Banco Múltiplo;0,00;0,00;00/00/0000;00/00/0000;0,00;0,00;100,11;0,00;304,00;0,00;64,00;52059602,97;0,00
MORE11;Investidor Qualificado;Papel: Fundo de Fundos;BTG Pactual;0,67;0,74;21/06/2021;14/06/2021;0,00;0,00;98,05;0,93;5520,00;0,00;5881,00;227393363,31;90,95
MTOF11;Geral;Tijolo: Escritórios;Oliveira Trust;0,00;0,00;00/00/0000;00/00/0000;0,00;0,00;92,00;0,00;0,00;0,00;3,00;164963990,19;0,00
MXRF11;Geral;Papel: CRIs;BTG Pactual;0,07;0,66;15/06/2021;31/05/2021;0,08;0,73;10,00;1,06;347123,00;2,39;393767,00;2259874256,91;10,57
NAVT11;Geral;Papel: Fundo de Fundos;BTG Pactual;0,60;0,67;21/06/2021;14/06/2021;0,00;0,00;95,99;0,93;5230,00;0,00;2247,00;101218902,51;89,48
NCHB11;Geral;Papel: CRIs;BTG Pactual;0,91;0,96;15/06/2021;08/06/2021;0,95;1,01;93,75;1,01;5076,00;0,00;6516,00;135186503,35;94,55
NEWL11;Geral;Tijolo: Galpões;Brasil Plural SA Banco Múltiplo;0,90;0,85;15/06/2021;31/05/2021;0,78;0,73;107,66;0,98;855,00;0,00;1550,00;218905446,39;105,87
NEWU11;Geral;Tijolo: Escritórios;Brasil Plural SA Banco Múltiplo;0,11;0,24;18/08/2020;11/08/2020;1,01;2,25;63,21;0,71;192,00;0,00;1812,00;46900867,62;45,00
NPAR11;Geral;Papel: CRIs;Planner Trustee DTVM LTDA;41,01;30,84;14/05/2021;30/04/2021;3,42;2,57;115,37;1,15;893,00;0,00;52,00;13797678,05;133,00
NSLU11;Geral;Tijolo: Hospital;BTG Pactual;1,80;0,72;08/06/2021;31/05/2021;2,28;0,91;213,07;1,17;3053,00;0,00;7631,00;243923226,97;250,00
NVHO11;Geral;Tijolo: Hospital;Genial Investimentos Corretora de Valores;0,07;0,49;09/06/2021;31/05/2021;0,09;0,61;12,37;1,16;754,00;0,00;2575,00;513493362,85;14,40
NVIF11B;Investidor Qualificado;Tijolo: Desenvolvimento;Modal DTVM;0,30;0,00;12/02/2021;29/01/2021;0,67;0,00;165,61;0,00;0,00;0,00;7,00;55877174,82;0,00
ONEF11;Geral;Tijolo: Escritórios;Rio Bravo Investimentos;0,64;0,45;15/06/2021;07/06/2021;0,00;0,00;160,54;0,88;1025,00;0,00;4257,00;146254528,05;141,06
ORPD11;Investidor Qualificado;Tijolo: Desenvolvimento;Planner Trustee DTVM LTDA;1,38;1,10;29/03/2019;28/02/2019;0,11;0,09;147,80;0,85;55,00;0,00;16,00;42861168,07;125,00
OUFF11;Geral;Papel: Fundo de Fundos;Banco Ourinvest SA;0,65;0,77;22/06/2021;15/06/2021;0,67;0,79;87,63;0,96;4335,00;0,00;8269,00;158988425,08;84,46
OUJP11;Geral;Papel: CRIs;Finaxis CTVM SA;0,65;0,64;15/06/2021;31/05/2021;0,71;0,69;103,02;0,99;35556,00;0,34;20707,00;335047577,06;101,96
OULG11;Geral;Tijolo: Galpões;Banco Ourinvest SA;0,50;0,69;22/06/2021;15/06/2021;0,62;0,86;93,52;0,78;6454,00;0,18;6677,00;232053394,57;72,50
OURE11;Geral;Papel: CRIs;Banco Ourinvest SA;0,82;0,92;22/06/2021;15/06/2021;0,73;0,82;99,28;0,89;2541,00;0,00;3622,00;82588575,80;88,69
PABY11;Geral;Tijolo: Desenvolvimento;BRKB DTVM;0,00;0,00;00/00/0000;00/00/0000;0,00;0,00;-7,83;0,00;145,00;0,00;439,00;-5941591,36;0,00
PATC11;Geral;Tijolo: Escritórios;Modal DTVM;0,32;0,47;09/06/2021;31/05/2021;0,32;0,47;86,27;0,79;14811,00;0,24;13487,00;299994986,42;67,75
PATL11;Geral;Tijolo: Galpões;Vórtx DTVM LTDA;0,57;0,63;09/06/2021;31/05/2021;0,42;0,46;96,24;0,94;54423,00;0,45;12904,00;480384513,48;90,01
PBLV11;Investidor Qualificado;Tijolo: Galpões;BRL Trust DTVM;28,19;0,00;29/01/2021;21/01/2021;6,38;0,00;1342,93;0,00;0,00;0,00;2,00;3689158833,54;0,00
PEMA11;Investidor Qualificado;Papel: CRIs;BRL Trust DTVM;0,59;0,67;15/06/2021;31/05/2021;0,05;0,06;101,64;0,87;44,00;0,00;66,00;56106293,35;88,00
PLCR11;Geral;Papel: CRIs;Brasil Plural SA Banco Múltiplo;0,95;1,01;15/06/2021;31/05/2021;0,65;0,70;97,50;0,96;25929,00;0,21;6115,00;205645868,44;93,79
PLOG11;Geral;Tijolo: Galpões;Banco Genial;0,68;0,72;15/06/2021;31/05/2021;0,12;0,12;95,20;0,99;2099,00;0,00;1631,00;71398808,69;93,99
PLRI11;Investidor Qualificado;Papel: CRIs;Oliveira Trust;0,23;0,51;08/06/2021;31/05/2021;0,25;0,55;55,32;0,83;405,00;0,00;793,00;52788623,53;46,01
PORD11;Geral;Papel: CRIs;Oliveira Trust;1,00;0,97;08/06/2021;31/05/2021;0,90;0,87;101,37;1,02;7801,00;0,42;8850,00;199977610,24;103,00
PQAG11;Geral;Tijolo: Galpões;Hedge Investments DTVM LTDA;0,36;0,56;15/06/2021;31/05/2021;0,00;0,00;54,39;1,17;291,00;0,00;385,00;761036339,46;63,75
PQDP11;Geral;Tijolo: Shoppings;BTG Pactual;1,88;0,07;18/06/2021;31/05/2021;6,21;0,22;3636,39;0,79;620,00;0,00;4170,00;867195308,31;2868,99
PRSN11B;Investidor Qualificado;Tijolo: Desenvolvimento;Oliveira Trust;0,02;2,41;15/01/2021;08/01/2021;0,06;7,74;0,45;1,67;3170,00;0,00;1197,00;23280283,39;0,75
PRSV11;Geral;Tijolo: Escritórios;Hedge Investments DTVM LTDA;1,62;0,42;15/10/2020;30/09/2020;2,04;0,53;237,72;1,61;354,00;0,00;1230,00;46355327,15;382,00
PRTS11;Investidor Qualificado;Tijolo: Shoppings;Banco Modal SA;0,00;0,00;00/00/0000;00/00/0000;0,00;0,00;0,09;0,00;0,00;0,00;11,00;4894470,14;0,00
PVBI11;Geral;Tijolo: Escritórios;BTG Pactual;0,54;0,57;08/06/2021;31/05/2021;0,37;0,39;96,44;0,99;72029,00;0,94;31680,00;937403918,87;95,00
QAGR11;Geral;Tijolo: Outros;BTG Pactual;0,38;0,71;09/06/2021;01/06/2021;0,40;0,75;58,41;0,91;28688,00;0,27;18019,00;294400660,10;53,40
QAMI11;Geral;Papel: CRIs;Banco Genial;0,98;1,03;15/06/2021;31/05/2021;0,11;0,12;95,13;1,00;241,00;0,00;603,00;76240155,14;95,00
QIFF11;Geral;Papel: Fundo de Fundos;BRL Trust DTVM;0,73;0,70;15/06/2021;31/05/2021;0,63;0,60;96,15;1,09;321,00;0,00;188,00;14422226,23;104,90
RBBV11;Geral;Tijolo: Desenvolvimento;Caixa Econômica Federal;27,19;27,60;08/07/2021;02/06/2021;0,00;0,00;100,31;0,98;732,00;0,00;3143,00;125807524,80;98,50
RBCO11;Geral;Tijolo: Escritórios;BRL Trust DTVM;0,39;0,67;15/06/2021;31/05/2021;0,50;0,85;101,11;0,58;7682,00;0,00;4236,00;382112991,30;58,29
RBDS11;Investidor Qualificado;Tijolo: Desenvolvimento;Oliveira Trust;1,84;2,65;10/12/2019;29/11/2019;1,92;2,75;31,06;2,24;281,00;0,00;1017,00;3930061,20;69,60
RBED11;Geral;Tijolo: Educacional;Rio Bravo Investimentos;1,03;0,70;15/06/2021;31/05/2021;1,10;0,74;150,32;0,98;6435,00;0,30;11879,00;303894530,56;147,55
RBFF11;Geral;Papel: Fundo de Fundos;BRL Trust DTVM;0,50;0,73;15/06/2021;31/05/2021;0,53;0,77;71,70;0,96;13446,00;0,26;19097,00;268634459,58;68,71
RBGS11;Geral;Tijolo: Shoppings;Oliveira Trust;0,02;0,06;15/06/2021;31/05/2021;0,11;0,28;90,74;0,42;1653,00;0,00;2959,00;97817118,87;38,17
RBHY11;Geral;Papel: CRIs;BRL Trust DTVM;1,20;1,17;15/06/2021;31/05/2021;0,29;0,28;101,79;1,01;317,00;0,00;216,00;61072405,02;102,80
RBIR11;Geral;Tijolo: Desenvolvimento;Oliveira Trust;0,00;0,00;00/00/0000;00/00/0000;0,00;0,00;96,70;0,00;295,00;0,00;1197,00;147816452,31;0,00
RBIV11;Geral;Papel: CRIs;BRL Trust DTVM;0,70;0,84;15/06/2021;31/05/2021;0,62;0,74;102,96;0,81;4803,00;0,00;3142,00;105464967,11;83,50
RBLG11;Investidor Qualificado;Tijolo: Galpões;BTG Pactual;0,53;0,49;08/06/2021;01/06/2021;0,12;0,12;114,05;0,94;4,00;0,00;64,00;73013549,43;107,00
RBRD11;Geral;Tijolo: Varejo;Votorantim Asset Management;0,05;0,08;15/06/2021;31/05/2021;1,68;2,80;71,44;0,84;3198,00;0,11;12020,00;132282376,33;60,10
RBRF11;Geral;Papel: Fundo de Fundos;BTG Pactual;0,60;0,68;17/06/2021;10/06/2021;0,00;0,00;89,62;0,98;56430,00;1,21;73350,00;1226124289,97;87,93
RBRL11;Geral;Tijolo: Galpões;BRL Trust DTVM;0,70;0,65;15/06/2021;08/06/2021;0,73;0,68;106,99;1,00;33325,00;0,00;5791,00;715432791,49;106,89
RBRM11;Investidor Qualificado;Tijolo: Desenvolvimento;BTG Pactual;15,50;0,00;19/04/2021;12/04/2021;1680,36;0,00;163617,05;0,00;1,00;0,00;54,00;88189591,65;0,00
RBRP11;Geral;Tijolo: Escritórios;BRL Trust DTVM;0,32;0,37;15/06/2021;08/06/2021;0,53;0,62;86,63;0,99;71023,00;1,03;88346,00;1055098676,95;85,90
RBRR11;Geral;Papel: CRIs;BTG Pactual;0,80;0,79;17/06/2021;10/06/2021;0,00;0,00;99,51;1,02;64327,00;1,05;70464,00;760100875,11;101,50
RBRS11;Geral;Tijolo: Desenvolvimento;Rio Bravo Investimentos;0,40;0,54;15/06/2021;31/05/2021;0,20;0,27;96,40;0,77;252,00;0,00;1153,00;100701755,51;74,57
RBRY11;Geral;Papel: CRIs;BTG Pactual;0,75;0,72;17/06/2021;10/06/2021;0,00;0,00;102,96;1,01;21070,00;0,00;8933,00;349785652,72;104,10
RBTS11;Investidor Qualificado;Tijolo: Desenvolvimento;Oliveira Trust;0,00;0,00;00/00/0000;00/00/0000;0,00;0,00;1050,75;0,00;1,00;0,00;56,00;59393774,96;0,00
RBVA11;Geral;Tijolo: Bancário;Rio Bravo Investimentos;0,85;0,77;15/06/2021;31/05/2021;0,95;0,85;113,98;0,97;17378,00;1,32;40696,00;1320790070,80;110,73
RBVO11;Geral;Papel: CRIs;Rio Bravo Investimentos;0,04;0,35;09/06/2021;31/05/2021;0,08;0,62;22,88;0,55;1075,00;0,00;2066,00;11801375,84;12,50
RCFA11;Investidor Qualificado;Tijolo: Desenvolvimento;Terra Investimentos DTVM;0,00;0,00;00/00/0000;00/00/0000;0,00;0,00;1,56;0,00;10830,00;0,00;3617,00;18263993,00;0,00
RCFF11;Investidor Qualificado;Papel: Fundo de Fundos;BRL Trust DTVM;3,11;2,87;22/01/2021;14/01/2021;0,16;0,15;98,34;1,10;113,00;0,00;81,00;31782377,65;108,50
RCRB11;Geral;Tijolo: Escritórios;Rio Bravo Investimentos;0,80;0,52;15/06/2021;07/06/2021;0,00;0,00;196,41;0,78;35644,00;0,56;29434,00;724878219,59;152,41
RCRI11B;Investidor Qualificado;Papel: CRIs;Oliveira Trust;19,70;0,00;01/03/2021;19/02/2021;7,46;0,00;1032,90;0,00;2,00;0,00;148,00;52690426,09;0,00
RDPD11;Geral;Papel: CRIs;Votorantim Asset Management;0,41;0,49;15/06/2021;31/05/2021;0,43;0,51;98,84;0,85;380,00;0,00;770,00;106549724,70;84,23
RECR11;Geral;Papel: CRIs;BRL Trust DTVM;1,20;1,16;15/06/2021;08/06/2021;1,19;1,15;95,78;1,08;74358,00;1,92;72320,00;1363525760,42;103,69
RECT11;Geral;Indefinido;BRL Trust DTVM;0,60;0,74;15/06/2021;08/06/2021;0,77;0,95;93,05;0,87;55854,00;0,65;73544,00;761087076,66;80,91
RECX11;Geral;Papel: Fundo de Fundos;BTG Pactual;0,90;0,95;22/06/2021;15/06/2021;0,15;0,16;91,57;1,04;72,00;0,00;348,00;18144483,26;95,10
REIT11;Investidor Qualificado;Papel: CRIs;Socopa Sociedade Corretora Paulista;24,53;2,20;15/04/2021;31/03/2021;21,64;1,94;1264,03;0,88;281,00;0,00;61,00;33232500,09;1113,20
RELG11;Geral;Tijolo: Galpões;BRL Trust DTVM;0,70;0,72;15/06/2021;08/06/2021;0,39;0,40;96,51;1,01;3727,00;0,00;3661,00;123734508,39;97,48
RFOF11;Geral;Papel: Fundo de Fundos;BRL Trust DTVM;0,63;0,77;14/06/2021;31/05/2021;0,57;0,69;91,83;0,89;11085,00;0,09;3500,00;99008768,48;81,97
RMAI11;Geral;Tijolo: Escritórios;Reag DTVM;5,33;0,00;10/05/2016;02/05/2016;0,00;0,00;108,63;0,00;171,00;0,00;1158,00;265475108,03;0,00
RNDP11;Geral;Papel: CRIs;Votorantim Asset Management;4,14;0,58;15/06/2021;31/05/2021;3,89;0,55;769,82;0,92;197,00;0,00;875,00;82740838,99;708,00
RNGO11;Geral;Tijolo: Escritórios;Rio Bravo Investimentos;0,37;0,59;15/06/2021;31/05/2021;0,46;0,73;101,25;0,62;7420,00;0,17;15881,00;270942156,09;63,11
RRCI11;Geral;Papel: CRIs;BRL Trust DTVM;0,70;0,80;14/06/2021;31/05/2021;0,00;0,00;96,98;0,90;1249,00;0,00;1983,00;46722236,46;87,28
RSPD11;Investidor Qualificado;Tijolo: Desenvolvimento;Oliveira Trust;0,00;0,00;00/00/0000;00/00/0000;0,00;0,00;1144,43;0,00;4,00;0,00;30,00;170503384,96;0,00
RVBI11;Geral;Papel: Fundo de Fundos;BRL Trust DTVM;0,72;0,76;16/06/2021;09/06/2021;0,00;0,00;92,49;1,02;12151,00;0,14;11037,00;133183538,96;94,69
RZAK11;Geral;Papel: CRIs;BTG Pactual;0,90;0,94;22/06/2021;15/06/2021;0,00;0,00;97,21;0,99;26735,00;0,00;6713,00;291794705,84;95,90
RZTR11;Geral;Indefinido;Brasil Plural SA Banco Múltiplo;0,50;0,49;08/06/2021;31/05/2021;0,43;0,43;96,81;1,05;69877,00;1,03;30109,00;1069504651,37;101,79
SADI11;Geral;Papel: CRIs;Santander Securities Services Brasil DTVM;0,28;0,33;15/06/2021;31/05/2021;0,22;0,26;100,45;0,84;16589,00;0,27;2860,00;319447459,61;84,10
SAIC11B;Investidor Qualificado;Tijolo: Escritórios;BRB DTVM;0,66;1,09;16/10/2018;01/10/2018;0,00;0,00;54,39;1,12;2,00;0,00;52,00;77761114,57;61,00
SARE11;Geral;Indefinido;Santander Securities Services Brasil DTVM;0,64;0,63;15/06/2021;31/05/2021;0,42;0,41;100,08;1,01;15468,00;0,56;6586,00;535903649,61;101,10
SCPF11;Geral;Tijolo: Shoppings;BR-CAPITAL;0,01;0,09;15/06/2021;07/06/2021;0,00;0,00;12,65;0,72;1443,00;0,00;4699,00;53134151,13;9,10
SDIL11;Geral;Tijolo: Galpões;Rio Bravo Investimentos;0,60;0,63;15/06/2021;31/05/2021;0,61;0,64;100,36;0,94;34258,00;0,62;45975,00;641814142,33;94,50
SEQR11;Geral;Indefinido;Vórtx DTVM LTDA;0,67;0,83;15/06/2021;08/06/2021;0,00;0,00;105,78;0,76;4252,00;0,00;1283,00;156776100,90;80,85
SFND11;Geral;Tijolo: Escritórios;Rio Bravo Investimentos;5,51;0,00;15/12/2020;07/12/2020;7,66;0,00;17,96;0,00;0,00;0,00;55,00;17631763,89;0,00
SHDP11B;Geral;Tijolo: Shoppings;BTG Pactual;1,21;0,00;18/06/2021;11/06/2021;0,00;0,00;1490,40;0,00;2,00;0,00;3,00;2141110424,01;0,00
SHOP11;Investidor Qualificado;Tijolo: Shoppings;Banco Modal SA;0,00;0,00;00/00/0000;00/00/0000;0,00;0,00;60,00;0,00;0,00;0,00;11,00;88878414,23;0,00
SHPH11;Geral;Tijolo: Shoppings;Rio Bravo Investimentos;2,20;0,27;15/06/2021;31/05/2021;2,18;0,27;822,29;1,00;754,00;0,00;3131,00;500734117,94;820,00
SJAU11;Investidor Qualificado;Tijolo: Galpões;Vórtx DTVM LTDA;0,00;0,00;00/00/0000;00/00/0000;0,00;0,00;99,97;0,00;7,00;0,00;115,00;792986642,01;0,00
SNFF11;Geral;Papel: Fundo de Fundos;BTG Pactual;0,12;0,12;25/06/2021;15/06/2021;0,01;0,01;97,35;1,06;134113,00;0,00;23884,00;243372074,74;103,28
SOLR11;Geral;Tijolo: Outros;BRL Trust DTVM;76,33;0,00;12/02/2021;02/02/2021;0,00;0,00;1033,97;0,00;2,00;0,00;32,00;65018883,98;0,00
SPAF11;Investidor Qualificado;Tijolo: Shoppings;Brasil Plural SA Banco Múltiplo;3,45;0,00;08/06/2021;31/05/2021;0,00;0,00;1003,17;0,00;0,00;0,00;1,00;11305743,83;0,00
SPTW11;Geral;Tijolo: Escritórios;Genial Investimentos Corretora de Valores;0,60;1,23;08/06/2021;31/05/2021;1,18;2,43;51,94;0,94;13213,00;0,10;17378,00;93395880,85;48,78
STRX11;Geral;Tijolo: Desenvolvimento;Oliveira Trust;52,68;0,00;08/06/2021;31/05/2021;41,82;0,00;18295,17;0,00;0,00;0,00;53,00;295203364,69;0,00
TBOF11;Geral;Tijolo: Escritórios;BTG Pactual;0,09;0,00;31/07/2020;22/07/2020;0,86;0,00;0,13;0,00;2769,00;0,00;9158,00;1313498,11;0,00
TCIN11;Investidor Qualificado;Tijolo: Escritórios;Singulare CTVM;0,00;0,00;00/00/0000;00/00/0000;0,00;0,00;126,44;0,00;114,00;0,00;111,00;88914056,89;0,00
TCPF11;Geral;Indefinido;BR-CAPITAL;12,46;0,00;18/06/2021;10/06/2021;0,00;0,00;108,89;0,00;0,00;0,00;52,00;32377415,77;0,00
TEPP11;Geral;Tijolo: Escritórios;BRL Trust DTVM;0,45;0,57;15/06/2021;31/05/2021;0,53;0,66;94,49;0,84;15230,00;0,34;8012,00;398937744,50;79,34
TGAR11;Geral;Tijolo: Desenvolvimento;Vórtx DTVM LTDA;1,16;0,84;09/06/2021;31/05/2021;1,28;0,92;127,65;1,09;57907,00;1,46;52224,00;944421581,48;138,60
THRA11;Geral;Tijolo: Escritórios;Hedge Investments DTVM LTDA;0,15;0,11;15/06/2021;08/06/2021;0,52;0,38;113,82;1,20;1166,00;0,00;2219,00;167623420,09;136,60
TORD11;Geral;Indefinido;Vórtx DTVM LTDA;0,07;0,66;15/06/2021;08/06/2021;0,12;1,13;10,62;1,00;74264,00;0,37;62700,00;285831314,30;10,59
TORM13;Investidor Qualificado;Tijolo: Desenvolvimento;Vórtx DTVM LTDA;9,96;0,00;15/06/2021;31/05/2021;3,79;0,00;1807,68;0,00;0,00;0,00;324,00;18076809,44;0,00
TOUR11;Investidor Qualificado;Tijolo: Desenvolvimento;Vórtx DTVM LTDA;1,99;1,68;15/06/2021;31/05/2021;0,00;0,00;583,35;0,20;149,00;0,00;207,00;5833523,87;118,47
TRNT11;Geral;Tijolo: Escritórios;BTG Pactual;0,40;0,27;18/06/2021;11/06/2021;0,00;0,00;207,32;0,71;460,00;0,00;712,00;815933561,16;147,41
TRXB11;Geral;Tijolo: Desenvolvimento;BRL Trust DTVM;0,80;0,67;15/06/2021;31/05/2021;0,62;0,52;105,79;1,12;181,00;0,00;118,00;264631855,70;119,00
TRXF11;Geral;Tijolo: Outros;BRL Trust DTVM;0,70;0,66;15/06/2021;31/05/2021;0,70;0,66;106,11;0,99;50288,00;0,61;28515,00;598611038,92;105,48
TSNC11;Geral;Tijolo: Outros;BTG Pactual;35,10;0,00;22/06/2021;15/06/2021;39,14;0,00;5447,93;0,00;0,00;0,00;66,00;98678322,71;0,00
URPR11;Geral;Papel: CRIs;Vórtx DTVM LTDA;2,06;1,64;15/06/2021;31/05/2021;1,77;1,41;99,92;1,26;25540,00;0,22;9096,00;165905711,66;125,80
VCJR11;Geral;Papel: CRIs;INTRAG DTVM;0,79;0,77;14/06/2021;31/05/2021;0,75;0,74;98,96;1,03;8981,00;1,17;6697,00;1148318898,79;102,00
VCRR11;Geral;Tijolo: Outros;BRL Trust DTVM;0,00;0,00;00/00/0000;00/00/0000;0,00;0,00;100,00;0,00;0,00;0,00;1854,00;200000000,00;0,00
VERE11;Geral;Tijolo: Galpões;Votorantim Asset Management;2,04;0,00;10/06/2021;31/05/2021;1,74;0,00;314,26;0,00;1,00;0,00;54,00;172871056,10;0,00
VGHF11;Geral;Papel: Híbrido;Banco Daycoval SA;0,10;1,05;08/06/2021;31/05/2021;0,02;0,22;9,77;0,98;15728,00;0,00;2640,00;160838723,42;9,54
VGIP11;Geral;Papel: CRIs;BTG Pactual;1,04;1,01;18/06/2021;11/06/2021;0,00;0,00;95,66;1,07;45063,00;0,78;30529,00;514430345,26;102,64
VGIR11;Geral;Papel: CRIs;BTG Pactual;0,50;0,55;18/06/2021;11/06/2021;0,00;0,00;96,77;0,94;29564,00;0,41;22274,00;436095972,90;91,20
VIFI11;Geral;Papel: Fundo de Fundos;BRL Trust DTVM;0,60;0,67;15/06/2021;31/05/2021;0,62;0,70;98,51;0,90;15843,00;0,00;4348,00;277055966,59;89,04
VILG11;Geral;Tijolo: Galpões;BRL Trust DTVM;0,57;0,49;15/06/2021;31/05/2021;0,60;0,51;114,46;1,02;90900,00;1,80;135467,00;1716537713,31;117,02
VINO11;Geral;Tijolo: Escritórios;BRL Trust DTVM;0,45;0,75;15/06/2021;31/05/2021;0,43;0,72;59,85;1,01;53934,00;0,78;77055,00;758552977,13;60,25
VISC11;Geral;Tijolo: Shoppings;BRL Trust DTVM;0,35;0,32;15/06/2021;31/05/2021;0,35;0,32;119,45;0,91;66770,00;1,59;194012,00;1704682134,90;109,11
VLJS11;Investidor Qualificado;Tijolo: Escritórios;Planner Corretora de Valores;18,24;0,00;20/06/2021;31/05/2021;0,00;0,00;798,14;0,00;0,00;0,00;12,00;47072303,02;0,00
VLOL11;Geral;Tijolo: Escritórios;Oliveira Trust;0,41;0,41;15/06/2021;31/05/2021;0,45;0,46;96,97;1,02;1839,00;0,00;4772,00;173066588,66;99,01
VOTS11;Geral;Papel: CRIs;Votorantim Asset Management;0,41;0,49;15/06/2021;31/05/2021;0,39;0,47;98,93;0,83;197,00;0,00;305,00;81909487,55;82,52
VPSI11;Geral;Tijolo: Shoppings;Votorantim Asset Management;0,05;0,00;11/06/2021;02/06/2021;0,00;0,00;18,22;0,00;0,00;0,00;57,00;147044918,71;0,00
VRTA11;Geral;Papel: CRIs;Banco Fator;1,04;0,93;15/06/2021;31/05/2021;0,87;0,77;101,07;1,11;29586,00;1,13;91020,00;1010652173,25;112,42
VSEC11;Investidor Qualificado;Papel: CRIs;Votorantim Asset Management;3,04;3,11;15/06/2021;31/05/2021;0,00;0,00;0,38;256,86;887,00;0,00;41,00;6393711,59;97,48
VSHO11;Geral;Tijolo: Shoppings;Votorantim Asset Management;0,35;0,47;09/06/2021;31/05/2021;0,11;0,15;100,44;0,74;693,00;0,00;1835,00;210803855,72;73,83
VSLH11;Geral;Papel: CRIs;Vórtx DTVM LTDA;0,17;1,64;15/06/2021;08/06/2021;0,00;0,00;10,07;1,03;15843,00;0,00;5414,00;120827259,18;10,39
VTLT11;Geral;Tijolo: Galpões;Votorantim Asset Management;0,75;0,69;09/06/2021;31/05/2021;0,74;0,67;102,21;1,07;12495,00;0,23;5540,00;216175118,26;109,00
VVPR11;Geral;Tijolo: Escritórios;BTG Pactual;0,65;0,65;08/06/2021;31/05/2021;0,66;0,66;100,00;1,00;1168,00;0,00;1139,00;230577817,74;100,00
VXXV11;Investidor Qualificado;Tijolo: Outros;Vórtx DTVM LTDA;0,00;0,00;00/00/0000;00/00/0000;0,00;0,00;491,67;0,00;0,00;0,00;4,00;25566994,94;0,00
WPLZ11;Geral;Tijolo: Shoppings;Hedge Investments DTVM LTDA;0,10;0,15;12/03/2021;26/02/2021;0,42;0,61;104,71;0,65;283,00;0,00;1946,00;106880016,87;68,49
WTSP11B;Investidor Qualificado;Tijolo: Híbrido;Banco Ourinvest SA;0,22;0,49;22/06/2021;15/06/2021;0,16;0,36;79,65;0,57;122,00;0,00;200,00;79060153,00;45,50
XPCI11;Geral;Papel: CRIs;Vórtx DTVM LTDA;1,00;1,00;15/06/2021;31/05/2021;0,77;0,77;96,93;1,03;102467,00;0,68;30298,00;636538861,21;99,99
XPCM11;Geral;Tijolo: Escritórios;Rio Bravo Investimentos;0,39;0,98;15/06/2021;31/05/2021;0,82;2,04;71,79;0,56;15336,00;0,10;32708,00;173353021,06;40,00
XPHT11;Investidor Qualificado;Tijolo: Hotéis;Genial Investimentos Corretora de Valores Mobiliários SA;0,34;0,40;15/04/2020;31/03/2020;0,44;0,52;86,84;0,98;765,00;0,00;1550,00;330389677,16;85,00
XPIN11;Geral;Tijolo: Galpões;Vórtx DTVM LTDA;0,62;0,59;25/06/2021;18/06/2021;0,00;0,00;110,83;0,96;30524,00;0,71;52224,00;729986712,29;105,96
XPLG11;Geral;Tijolo: Galpões;Vórtx DTVM LTDA;0,61;0,54;15/06/2021;31/05/2021;0,63;0,56;110,45;1,03;143877,00;3,11;263359,00;2993276336,48;113,64
XPML11;Geral;Tijolo: Shoppings;BTG Pactual;0,40;0,38;25/06/2021;18/06/2021;0,00;0,00;109,86;0,96;105603,00;1,95;251800,00;2000303504,05;105,45
XPPR11;Geral;Tijolo: Escritórios;Vórtx DTVM LTDA;0,48;0,75;15/06/2021;31/05/2021;0,68;1,07;85,74;0,75;54045,00;0,50;40876,00;627324285,79;64,00
XPSF11;Geral;Papel: Fundo de Fundos;XP Investimentos;0,87;0,89;15/06/2021;31/05/2021;0,81;0,82;95,82;1,02;36952,00;0,43;18527,00;414931224,93;98,20
XTED11;Geral;Tijolo: Escritórios;BTG Pactual;0,32;0,00;14/07/2016;30/06/2016;0,00;0,00;13,97;0,00;979,00;0,00;4968,00;25862448,60;0,00
